{
  "test_id": "V3-MoE-locality",
  "model": "gemma4-26b-a4b",
  "config": {
    "num_experts": 128,
    "top_k": 8,
    "n_layers": 30,
    "decode_tokens": 72
  },
  "overall": {
    "adjacent_reuse": 0.2130868544600939,
    "cumulative_hit": 0.7950117370892019,
    "mean_working_set": 124.43333333333334,
    "mean_working_set_frac": 0.9721354166666667,
    "mean_new_experts_per_tok_tail": 0.37681159420289856,
    "mean_top10_mass": 0.17141203703703703
  },
  "total_working_set_pairs": 3733,
  "total_working_set_gb_est": 11.00906496,
  "disk_projection": {
    "cold_us_per_page": 100.0,
    "pages_per_expert_est": 180,
    "steady_new_experts_per_token": 11.304347826086957,
    "steady_cold_ms_per_token": 203.47826086956522
  },
  "per_layer": {
    "0": {
      "adjacent_reuse": 0.198943661971831,
      "cumulative_hit": 0.7922535211267606,
      "working_set": 126,
      "working_set_frac": 0.984375,
      "new_experts_per_tok_tail": 0.43478260869565216,
      "top10_expert_mass": 0.16666666666666666
    },
    "1": {
      "adjacent_reuse": 0.19014084507042253,
      "cumulative_hit": 0.7975352112676056,
      "working_set": 123,
      "working_set_frac": 0.9609375,
      "new_experts_per_tok_tail": 0.391304347826087,
      "top10_expert_mass": 0.16666666666666666
    },
    "2": {
      "adjacent_reuse": 0.22359154929577466,
      "cumulative_hit": 0.7940140845070423,
      "working_set": 125,
      "working_set_frac": 0.9765625,
      "new_experts_per_tok_tail": 0.391304347826087,
      "top10_expert_mass": 0.1579861111111111
    },
    "3": {
      "adjacent_reuse": 0.18309859154929578,
      "cumulative_hit": 0.7922535211267606,
      "working_set": 126,
      "working_set_frac": 0.984375,
      "new_experts_per_tok_tail": 0.391304347826087,
      "top10_expert_mass": 0.16666666666666666
    },
    "4": {
      "adjacent_reuse": 0.25704225352112675,
      "cumulative_hit": 0.795774647887324,
      "working_set": 124,
      "working_set_frac": 0.96875,
      "new_experts_per_tok_tail": 0.5652173913043478,
      "top10_expert_mass": 0.1753472222222222
    },
    "5": {
      "adjacent_reuse": 0.18309859154929578,
      "cumulative_hit": 0.795774647887324,
      "working_set": 124,
      "working_set_frac": 0.96875,
      "new_experts_per_tok_tail": 0.4782608695652174,
      "top10_expert_mass": 0.1753472222222222
    },
    "6": {
      "adjacent_reuse": 0.20774647887323944,
      "cumulative_hit": 0.795774647887324,
      "working_set": 124,
      "working_set_frac": 0.96875,
      "new_experts_per_tok_tail": 0.391304347826087,
      "top10_expert_mass": 0.16493055555555555
    },
    "7": {
      "adjacent_reuse": 0.22359154929577466,
      "cumulative_hit": 0.795774647887324,
      "working_set": 124,
      "working_set_frac": 0.96875,
      "new_experts_per_tok_tail": 0.34782608695652173,
      "top10_expert_mass": 0.171875
    },
    "8": {
      "adjacent_reuse": 0.24647887323943662,
      "cumulative_hit": 0.7975352112676056,
      "working_set": 123,
      "working_set_frac": 0.9609375,
      "new_experts_per_tok_tail": 0.5652173913043478,
      "top10_expert_mass": 0.18229166666666666
    },
    "9": {
      "adjacent_reuse": 0.23943661971830985,
      "cumulative_hit": 0.7992957746478874,
      "working_set": 122,
      "working_set_frac": 0.953125,
      "new_experts_per_tok_tail": 0.4782608695652174,
      "top10_expert_mass": 0.18229166666666666
    },
    "10": {
      "adjacent_reuse": 0.20246478873239437,
      "cumulative_hit": 0.8028169014084507,
      "working_set": 120,
      "working_set_frac": 0.9375,
      "new_experts_per_tok_tail": 0.30434782608695654,
      "top10_expert_mass": 0.1909722222222222
    },
    "11": {
      "adjacent_reuse": 0.176056338028169,
      "cumulative_hit": 0.7904929577464789,
      "working_set": 127,
      "working_set_frac": 0.9921875,
      "new_experts_per_tok_tail": 0.34782608695652173,
      "top10_expert_mass": 0.16145833333333334
    },
    "12": {
      "adjacent_reuse": 0.24647887323943662,
      "cumulative_hit": 0.7940140845070423,
      "working_set": 125,
      "working_set_frac": 0.9765625,
      "new_experts_per_tok_tail": 0.5217391304347826,
      "top10_expert_mass": 0.1753472222222222
    },
    "13": {
      "adjacent_reuse": 0.1954225352112676,
      "cumulative_hit": 0.7940140845070423,
      "working_set": 125,
      "working_set_frac": 0.9765625,
      "new_experts_per_tok_tail": 0.2608695652173913,
      "top10_expert_mass": 0.16666666666666666
    },
    "14": {
      "adjacent_reuse": 0.18838028169014084,
      "cumulative_hit": 0.795774647887324,
      "working_set": 124,
      "working_set_frac": 0.96875,
      "new_experts_per_tok_tail": 0.34782608695652173,
      "top10_expert_mass": 0.1579861111111111
    },
    "15": {
      "adjacent_reuse": 0.20246478873239437,
      "cumulative_hit": 0.7904929577464789,
      "working_set": 127,
      "working_set_frac": 0.9921875,
      "new_experts_per_tok_tail": 0.4782608695652174,
      "top10_expert_mass": 0.1701388888888889
    },
    "16": {
      "adjacent_reuse": 0.22183098591549297,
      "cumulative_hit": 0.7975352112676056,
      "working_set": 123,
      "working_set_frac": 0.9609375,
      "new_experts_per_tok_tail": 0.2608695652173913,
      "top10_expert_mass": 0.1597222222222222
    },
    "17": {
      "adjacent_reuse": 0.20598591549295775,
      "cumulative_hit": 0.7922535211267606,
      "working_set": 126,
      "working_set_frac": 0.984375,
      "new_experts_per_tok_tail": 0.30434782608695654,
      "top10_expert_mass": 0.17881944444444445
    },
    "18": {
      "adjacent_reuse": 0.21830985915492956,
      "cumulative_hit": 0.7922535211267606,
      "working_set": 126,
      "working_set_frac": 0.984375,
      "new_experts_per_tok_tail": 0.17391304347826086,
      "top10_expert_mass": 0.16319444444444445
    },
    "19": {
      "adjacent_reuse": 0.17077464788732394,
      "cumulative_hit": 0.7940140845070423,
      "working_set": 125,
      "working_set_frac": 0.9765625,
      "new_experts_per_tok_tail": 0.17391304347826086,
      "top10_expert_mass": 0.16493055555555555
    },
    "20": {
      "adjacent_reuse": 0.2007042253521127,
      "cumulative_hit": 0.7992957746478874,
      "working_set": 122,
      "working_set_frac": 0.953125,
      "new_experts_per_tok_tail": 0.391304347826087,
      "top10_expert_mass": 0.16493055555555555
    },
    "21": {
      "adjacent_reuse": 0.22711267605633803,
      "cumulative_hit": 0.795774647887324,
      "working_set": 124,
      "working_set_frac": 0.96875,
      "new_experts_per_tok_tail": 0.43478260869565216,
      "top10_expert_mass": 0.18229166666666666
    },
    "22": {
      "adjacent_reuse": 0.25,
      "cumulative_hit": 0.7940140845070423,
      "working_set": 125,
      "working_set_frac": 0.9765625,
      "new_experts_per_tok_tail": 0.2608695652173913,
      "top10_expert_mass": 0.18229166666666666
    },
    "23": {
      "adjacent_reuse": 0.1936619718309859,
      "cumulative_hit": 0.7940140845070423,
      "working_set": 125,
      "working_set_frac": 0.9765625,
      "new_experts_per_tok_tail": 0.34782608695652173,
      "top10_expert_mass": 0.171875
    },
    "24": {
      "adjacent_reuse": 0.19190140845070422,
      "cumulative_hit": 0.7904929577464789,
      "working_set": 127,
      "working_set_frac": 0.9921875,
      "new_experts_per_tok_tail": 0.6086956521739131,
      "top10_expert_mass": 0.16319444444444445
    },
    "25": {
      "adjacent_reuse": 0.2306338028169014,
      "cumulative_hit": 0.7922535211267606,
      "working_set": 126,
      "working_set_frac": 0.984375,
      "new_experts_per_tok_tail": 0.391304347826087,
      "top10_expert_mass": 0.16493055555555555
    },
    "26": {
      "adjacent_reuse": 0.198943661971831,
      "cumulative_hit": 0.795774647887324,
      "working_set": 124,
      "working_set_frac": 0.96875,
      "new_experts_per_tok_tail": 0.30434782608695654,